track_id,category,fold,event_start
0,medicineball1f0m,1,79872
1,medicineball1f0m,1,71680
2,medicineball1f0m,1,79872
3,medicineball1f0m,1,77824
4,medicineball1f0m,1,92160
5,medicineball1f0m,1,96256
6,medicineball1f0m,1,94208
7,medicineball1f0m,1,90112
8,medicineball1f0m,1,102400
9,medicineball1f0m,1,92160
10,medicineball1f0m,2,81920
11,medicineball1f0m,2,96256
12,medicineball1f0m,2,100352
13,medicineball1f0m,2,102400
14,medicineball1f0m,2,108544
15,medicineball1f0m,2,86016
16,medicineball1f0m,2,94208
17,medicineball1f0m,2,90112
18,medicineball1f0m,2,92160
19,medicineball1f0m,2,88064
20,medicineball1f0m,3,120832
21,medicineball1f0m,3,86016
22,medicineball1f0m,3,96256
23,medicineball1f0m,3,88064
24,medicineball1f0m,3,83968
25,medicineball1f0m,3,92160
26,medicineball1f0m,3,108544
27,medicineball1f0m,3,81920
28,medicineball1f0m,3,86016
29,medicineball1f0m,3,106496
30,medicineball1f0m,4,110592
31,medicineball1f0m,4,102400
32,medicineball1f0m,4,81920
33,medicineball1f0m,4,81920
34,medicineball1f0m,4,90112
35,medicineball1f0m,4,86016
36,medicineball1f0m,4,92160
37,medicineball1f0m,4,92160
38,medicineball1f0m,4,86016
39,medicineball1f0m,4,94208
40,medicineball1f0m,5,88064
41,medicineball1f0m,5,73728
42,medicineball1f0m,5,88064
43,medicineball1f0m,5,92160
44,medicineball1f0m,5,98304
45,medicineball1f0m,5,94208
46,medicineball1f0m,5,102400
47,medicineball1f0m,5,75776
48,medicineball1f0m,5,83968
49,medicineball1f0m,5,77824
1000,medicineball1f6m,1,73728
1001,medicineball1f6m,1,79872
1002,medicineball1f6m,1,75776
1003,medicineball1f6m,1,83968
1004,medicineball1f6m,1,88064
1005,medicineball1f6m,1,77824
1006,medicineball1f6m,1,83968
1007,medicineball1f6m,1,79872
1008,medicineball1f6m,1,79872
1009,medicineball1f6m,1,94208
1010,medicineball1f6m,2,94208
1011,medicineball1f6m,2,83968
1012,medicineball1f6m,2,75776
1013,medicineball1f6m,2,92160
1014,medicineball1f6m,2,102400
1015,medicineball1f6m,2,90112
1016,medicineball1f6m,2,81920
1017,medicineball1f6m,2,90112
1018,medicineball1f6m,2,96256
1019,medicineball1f6m,2,94208
1020,medicineball1f6m,3,83968
1021,medicineball1f6m,3,90112
1022,medicineball1f6m,3,90112
1023,medicineball1f6m,3,90112
1024,medicineball1f6m,3,90112
1025,medicineball1f6m,3,90112
1026,medicineball1f6m,3,92160
1027,medicineball1f6m,3,98304
1028,medicineball1f6m,3,86016
1029,medicineball1f6m,3,92160
1030,medicineball1f6m,4,92160
1031,medicineball1f6m,4,94208
1032,medicineball1f6m,4,98304
1033,medicineball1f6m,4,98304
1034,medicineball1f6m,4,94208
1035,medicineball1f6m,4,90112
1036,medicineball1f6m,4,100352
1037,medicineball1f6m,4,71680
1038,medicineball1f6m,4,92160
1039,medicineball1f6m,4,88064
1040,medicineball1f6m,5,90112
1041,medicineball1f6m,5,90112
1042,medicineball1f6m,5,92160
1043,medicineball1f6m,5,90112
1044,medicineball1f6m,5,92160
1045,medicineball1f6m,5,83968
1046,medicineball1f6m,5,75776
1047,medicineball1f6m,5,77824
1048,medicineball1f6m,5,90112
1049,medicineball1f6m,5,81920
2000,medicineball1f12m,1,88064
2001,medicineball1f12m,1,94208
2002,medicineball1f12m,1,92160
2003,medicineball1f12m,1,79872
2004,medicineball1f12m,1,92160
2005,medicineball1f12m,1,77824
2006,medicineball1f12m,1,94208
2007,medicineball1f12m,1,94208
2008,medicineball1f12m,1,92160
2009,medicineball1f12m,1,92160
2010,medicineball1f12m,2,83968
2011,medicineball1f12m,2,98304
2012,medicineball1f12m,2,75776
2013,medicineball1f12m,2,96256
2014,medicineball1f12m,2,96256
2015,medicineball1f12m,2,92160
2016,medicineball1f12m,2,88064
2017,medicineball1f12m,2,90112
2018,medicineball1f12m,2,90112
2019,medicineball1f12m,2,71680
2020,medicineball1f12m,3,79872
2021,medicineball1f12m,3,90112
2022,medicineball1f12m,3,98304
2023,medicineball1f12m,3,94208
2024,medicineball1f12m,3,75776
2025,medicineball1f12m,3,81920
2026,medicineball1f12m,3,83968
2027,medicineball1f12m,3,75776
2028,medicineball1f12m,3,73728
2029,medicineball1f12m,3,75776
2030,medicineball1f12m,4,69632
2031,medicineball1f12m,4,86016
2032,medicineball1f12m,4,73728
2033,medicineball1f12m,4,79872
2034,medicineball1f12m,4,83968
2035,medicineball1f12m,4,81920
2036,medicineball1f12m,4,86016
2037,medicineball1f12m,4,86016
2038,medicineball1f12m,4,94208
2039,medicineball1f12m,4,92160
2040,medicineball1f12m,5,92160
2041,medicineball1f12m,5,88064
2042,medicineball1f12m,5,90112
2043,medicineball1f12m,5,90112
2044,medicineball1f12m,5,92160
2045,medicineball1f12m,5,79872
2046,medicineball1f12m,5,90112
2047,medicineball1f12m,5,90112
2048,medicineball1f12m,5,90112
2049,medicineball1f12m,5,88064
3000,medicineball2f0m,1,75776
3001,medicineball2f0m,1,90112
3002,medicineball2f0m,1,83968
3003,medicineball2f0m,1,88064
3004,medicineball2f0m,1,83968
3005,medicineball2f0m,1,81920
3006,medicineball2f0m,1,79872
3007,medicineball2f0m,1,77824
3008,medicineball2f0m,1,73728
3009,medicineball2f0m,1,69632
3010,medicineball2f0m,2,77824
3011,medicineball2f0m,2,71680
3012,medicineball2f0m,2,75776
3013,medicineball2f0m,2,75776
3014,medicineball2f0m,2,77824
3015,medicineball2f0m,2,88064
3016,medicineball2f0m,2,86016
3017,medicineball2f0m,2,90112
3018,medicineball2f0m,2,71680
3019,medicineball2f0m,2,77824
3020,medicineball2f0m,3,69632
3021,medicineball2f0m,3,69632
3022,medicineball2f0m,3,77824
3023,medicineball2f0m,3,71680
3024,medicineball2f0m,3,86016
3025,medicineball2f0m,3,92160
3026,medicineball2f0m,3,69632
3027,medicineball2f0m,3,71680
3028,medicineball2f0m,3,69632
3029,medicineball2f0m,3,77824
3030,medicineball2f0m,4,71680
3031,medicineball2f0m,4,104448
3032,medicineball2f0m,4,83968
3033,medicineball2f0m,4,88064
3034,medicineball2f0m,4,79872
3035,medicineball2f0m,4,77824
3036,medicineball2f0m,4,79872
3037,medicineball2f0m,4,88064
3038,medicineball2f0m,4,77824
3039,medicineball2f0m,4,94208
3040,medicineball2f0m,5,88064
3041,medicineball2f0m,5,96256
3042,medicineball2f0m,5,90112
3043,medicineball2f0m,5,75776
3044,medicineball2f0m,5,75776
3045,medicineball2f0m,5,75776
3046,medicineball2f0m,5,92160
3047,medicineball2f0m,5,79872
3048,medicineball2f0m,5,90112
3049,medicineball2f0m,5,98304
4000,medicineball2f6m,1,69632
4001,medicineball2f6m,1,75776
4002,medicineball2f6m,1,81920
4003,medicineball2f6m,1,81920
4004,medicineball2f6m,1,90112
4005,medicineball2f6m,1,83968
4006,medicineball2f6m,1,77824
4007,medicineball2f6m,1,77824
4008,medicineball2f6m,1,83968
4009,medicineball2f6m,1,77824
4010,medicineball2f6m,2,83968
4011,medicineball2f6m,2,88064
4012,medicineball2f6m,2,92160
4013,medicineball2f6m,2,92160
4014,medicineball2f6m,2,96256
4015,medicineball2f6m,2,77824
4016,medicineball2f6m,2,73728
4017,medicineball2f6m,2,83968
4018,medicineball2f6m,2,77824
4019,medicineball2f6m,2,75776
4020,medicineball2f6m,3,83968
4021,medicineball2f6m,3,77824
4022,medicineball2f6m,3,90112
4023,medicineball2f6m,3,86016
4024,medicineball2f6m,3,83968
4025,medicineball2f6m,3,83968
4026,medicineball2f6m,3,83968
4027,medicineball2f6m,3,75776
4028,medicineball2f6m,3,88064
4029,medicineball2f6m,3,65536
4030,medicineball2f6m,4,79872
4031,medicineball2f6m,4,81920
4032,medicineball2f6m,4,90112
4033,medicineball2f6m,4,94208
4034,medicineball2f6m,4,79872
4035,medicineball2f6m,4,79872
4036,medicineball2f6m,4,81920
4037,medicineball2f6m,4,73728
4038,medicineball2f6m,4,69632
4039,medicineball2f6m,4,77824
4040,medicineball2f6m,5,77824
4041,medicineball2f6m,5,96256
4042,medicineball2f6m,5,77824
4043,medicineball2f6m,5,79872
4044,medicineball2f6m,5,77824
4045,medicineball2f6m,5,71680
4046,medicineball2f6m,5,73728
4047,medicineball2f6m,5,86016
4048,medicineball2f6m,5,73728
4049,medicineball2f6m,5,73728
5000,medicineball2f12m,1,88064
5001,medicineball2f12m,1,96256
5002,medicineball2f12m,1,83968
5003,medicineball2f12m,1,83968
5004,medicineball2f12m,1,98304
5005,medicineball2f12m,1,102400
5006,medicineball2f12m,1,75776
5007,medicineball2f12m,1,100352
5008,medicineball2f12m,1,86016
5009,medicineball2f12m,1,94208
5010,medicineball2f12m,2,94208
5011,medicineball2f12m,2,90112
5012,medicineball2f12m,2,100352
5013,medicineball2f12m,2,100352
5014,medicineball2f12m,2,112640
5015,medicineball2f12m,2,65536
5016,medicineball2f12m,2,61440
5017,medicineball2f12m,2,96256
5018,medicineball2f12m,2,88064
5019,medicineball2f12m,2,92160
5020,medicineball2f12m,3,75776
5021,medicineball2f12m,3,79872
5022,medicineball2f12m,3,92160
5023,medicineball2f12m,3,75776
5024,medicineball2f12m,3,118784
5025,medicineball2f12m,3,65536
5026,medicineball2f12m,3,73728
5027,medicineball2f12m,3,73728
5028,medicineball2f12m,3,90112
5029,medicineball2f12m,3,73728
5030,medicineball2f12m,4,69632
5031,medicineball2f12m,4,100352
5032,medicineball2f12m,4,83968
5033,medicineball2f12m,4,63488
5034,medicineball2f12m,4,67584
5035,medicineball2f12m,4,92160
5036,medicineball2f12m,4,92160
5037,medicineball2f12m,4,81920
5038,medicineball2f12m,4,59392
5039,medicineball2f12m,4,102400
5040,medicineball2f12m,5,90112
5041,medicineball2f12m,5,88064
5042,medicineball2f12m,5,81920
5043,medicineball2f12m,5,98304
5044,medicineball2f12m,5,90112
5045,medicineball2f12m,5,94208
5046,medicineball2f12m,5,100352
5047,medicineball2f12m,5,90112
5048,medicineball2f12m,5,96256
5049,medicineball2f12m,5,79872
6000,medicineball3f0m,1,67584
6001,medicineball3f0m,1,73728
6002,medicineball3f0m,1,67584
6003,medicineball3f0m,1,75776
6004,medicineball3f0m,1,69632
6005,medicineball3f0m,1,75776
6006,medicineball3f0m,1,77824
6007,medicineball3f0m,1,75776
6008,medicineball3f0m,1,63488
6009,medicineball3f0m,1,86016
6010,medicineball3f0m,2,55296
6011,medicineball3f0m,2,65536
6012,medicineball3f0m,2,77824
6013,medicineball3f0m,2,67584
6014,medicineball3f0m,2,69632
6015,medicineball3f0m,2,75776
6016,medicineball3f0m,2,83968
6017,medicineball3f0m,2,75776
6018,medicineball3f0m,2,75776
6019,medicineball3f0m,2,65536
6020,medicineball3f0m,3,57344
6021,medicineball3f0m,3,67584
6022,medicineball3f0m,3,75776
6023,medicineball3f0m,3,79872
6024,medicineball3f0m,3,88064
6025,medicineball3f0m,3,73728
6026,medicineball3f0m,3,71680
6027,medicineball3f0m,3,77824
6028,medicineball3f0m,3,71680
6029,medicineball3f0m,3,88064
6030,medicineball3f0m,4,65536
6031,medicineball3f0m,4,73728
6032,medicineball3f0m,4,73728
6033,medicineball3f0m,4,90112
6034,medicineball3f0m,4,67584
6035,medicineball3f0m,4,71680
6036,medicineball3f0m,4,88064
6037,medicineball3f0m,4,67584
6038,medicineball3f0m,4,67584
6039,medicineball3f0m,4,75776
6040,medicineball3f0m,5,67584
6041,medicineball3f0m,5,57344
6042,medicineball3f0m,5,81920
6043,medicineball3f0m,5,90112
6044,medicineball3f0m,5,65536
6045,medicineball3f0m,5,88064
6046,medicineball3f0m,5,67584
6047,medicineball3f0m,5,69632
6048,medicineball3f0m,5,71680
6049,medicineball3f0m,5,77824
7000,medicineball3f6m,1,104448
7001,medicineball3f6m,1,86016
7002,medicineball3f6m,1,106496
7003,medicineball3f6m,1,96256
7004,medicineball3f6m,1,81920
7005,medicineball3f6m,1,96256
7006,medicineball3f6m,1,90112
7007,medicineball3f6m,1,73728
7008,medicineball3f6m,1,104448
7009,medicineball3f6m,1,92160
7010,medicineball3f6m,2,90112
7011,medicineball3f6m,2,67584
7012,medicineball3f6m,2,104448
7013,medicineball3f6m,2,90112
7014,medicineball3f6m,2,94208
7015,medicineball3f6m,2,96256
7016,medicineball3f6m,2,92160
7017,medicineball3f6m,2,92160
7018,medicineball3f6m,2,90112
7019,medicineball3f6m,2,94208
7020,medicineball3f6m,3,71680
7021,medicineball3f6m,3,118784
7022,medicineball3f6m,3,102400
7023,medicineball3f6m,3,96256
7024,medicineball3f6m,3,90112
7025,medicineball3f6m,3,94208
7026,medicineball3f6m,3,53248
7027,medicineball3f6m,3,83968
7028,medicineball3f6m,3,94208
7029,medicineball3f6m,3,90112
7030,medicineball3f6m,4,90112
7031,medicineball3f6m,4,77824
7032,medicineball3f6m,4,90112
7033,medicineball3f6m,4,98304
7034,medicineball3f6m,4,92160
7035,medicineball3f6m,4,61440
7036,medicineball3f6m,4,96256
7037,medicineball3f6m,4,96256
7038,medicineball3f6m,4,98304
7039,medicineball3f6m,4,88064
7040,medicineball3f6m,5,90112
7041,medicineball3f6m,5,75776
7042,medicineball3f6m,5,92160
7043,medicineball3f6m,5,79872
7044,medicineball3f6m,5,71680
7045,medicineball3f6m,5,79872
7046,medicineball3f6m,5,69632
7047,medicineball3f6m,5,92160
7048,medicineball3f6m,5,83968
7049,medicineball3f6m,5,86016
8000,medicineball3f12m,1,92160
8001,medicineball3f12m,1,90112
8002,medicineball3f12m,1,88064
8003,medicineball3f12m,1,96256
8004,medicineball3f12m,1,110592
8005,medicineball3f12m,1,94208
8006,medicineball3f12m,1,100352
8007,medicineball3f12m,1,102400
8008,medicineball3f12m,1,92160
8009,medicineball3f12m,1,88064
8010,medicineball3f12m,2,122880
8011,medicineball3f12m,2,110592
8012,medicineball3f12m,2,94208
8013,medicineball3f12m,2,96256
8014,medicineball3f12m,2,73728
8015,medicineball3f12m,2,112640
8016,medicineball3f12m,2,81920
8017,medicineball3f12m,2,102400
8018,medicineball3f12m,2,106496
8019,medicineball3f12m,2,90112
8020,medicineball3f12m,3,88064
8021,medicineball3f12m,3,90112
8022,medicineball3f12m,3,79872
8023,medicineball3f12m,3,90112
8024,medicineball3f12m,3,75776
8025,medicineball3f12m,3,86016
8026,medicineball3f12m,3,86016
8027,medicineball3f12m,3,96256
8028,medicineball3f12m,3,88064
8029,medicineball3f12m,3,69632
8030,medicineball3f12m,4,92160
8031,medicineball3f12m,4,100352
8032,medicineball3f12m,4,92160
8033,medicineball3f12m,4,88064
8034,medicineball3f12m,4,75776
8035,medicineball3f12m,4,71680
8036,medicineball3f12m,4,77824
8037,medicineball3f12m,4,77824
8038,medicineball3f12m,4,73728
8039,medicineball3f12m,4,73728
8040,medicineball3f12m,5,63488
8041,medicineball3f12m,5,77824
8042,medicineball3f12m,5,88064
8043,medicineball3f12m,5,96256
8044,medicineball3f12m,5,102400
8045,medicineball3f12m,5,92160
8046,medicineball3f12m,5,100352
8047,medicineball3f12m,5,83968
8048,medicineball3f12m,5,92160
8049,medicineball3f12m,5,92160
9000,hammerdrop1f0m,1,71680
9001,hammerdrop1f0m,1,83968
9002,hammerdrop1f0m,1,65536
9003,hammerdrop1f0m,1,73728
9004,hammerdrop1f0m,1,61440
9005,hammerdrop1f0m,1,75776
9006,hammerdrop1f0m,1,65536
9007,hammerdrop1f0m,1,61440
9008,hammerdrop1f0m,1,77824
9009,hammerdrop1f0m,1,106496
9010,hammerdrop1f0m,2,73728
9011,hammerdrop1f0m,2,65536
9012,hammerdrop1f0m,2,83968
9013,hammerdrop1f0m,2,73728
9014,hammerdrop1f0m,2,83968
9015,hammerdrop1f0m,2,63488
9016,hammerdrop1f0m,2,114688
9017,hammerdrop1f0m,2,67584
9018,hammerdrop1f0m,2,61440
9019,hammerdrop1f0m,2,71680
9020,hammerdrop1f0m,3,65536
9021,hammerdrop1f0m,3,79872
9022,hammerdrop1f0m,3,73728
9023,hammerdrop1f0m,3,79872
9024,hammerdrop1f0m,3,77824
9025,hammerdrop1f0m,3,79872
9026,hammerdrop1f0m,3,69632
9027,hammerdrop1f0m,3,79872
9028,hammerdrop1f0m,3,92160
9029,hammerdrop1f0m,3,77824
9030,hammerdrop1f0m,4,71680
9031,hammerdrop1f0m,4,90112
9032,hammerdrop1f0m,4,57344
9033,hammerdrop1f0m,4,61440
9034,hammerdrop1f0m,4,65536
9035,hammerdrop1f0m,4,88064
9036,hammerdrop1f0m,4,75776
9037,hammerdrop1f0m,4,77824
9038,hammerdrop1f0m,4,100352
9039,hammerdrop1f0m,4,69632
9040,hammerdrop1f0m,5,92160
9041,hammerdrop1f0m,5,63488
9042,hammerdrop1f0m,5,61440
9043,hammerdrop1f0m,5,81920
9044,hammerdrop1f0m,5,77824
9045,hammerdrop1f0m,5,67584
9046,hammerdrop1f0m,5,73728
9047,hammerdrop1f0m,5,69632
9048,hammerdrop1f0m,5,75776
9049,hammerdrop1f0m,5,67584
10000,hammerdrop1f6m,1,83968
10001,hammerdrop1f6m,1,69632
10002,hammerdrop1f6m,1,88064
10003,hammerdrop1f6m,1,94208
10004,hammerdrop1f6m,1,90112
10005,hammerdrop1f6m,1,75776
10006,hammerdrop1f6m,1,90112
10007,hammerdrop1f6m,1,79872
10008,hammerdrop1f6m,1,75776
10009,hammerdrop1f6m,1,75776
10010,hammerdrop1f6m,2,92160
10011,hammerdrop1f6m,2,90112
10012,hammerdrop1f6m,2,88064
10013,hammerdrop1f6m,2,77824
10014,hammerdrop1f6m,2,90112
10015,hammerdrop1f6m,2,112640
10016,hammerdrop1f6m,2,63488
10017,hammerdrop1f6m,2,94208
10018,hammerdrop1f6m,2,73728
10019,hammerdrop1f6m,2,63488
10020,hammerdrop1f6m,3,98304
10021,hammerdrop1f6m,3,61440
10022,hammerdrop1f6m,3,77824
10023,hammerdrop1f6m,3,88064
10024,hammerdrop1f6m,3,98304
10025,hammerdrop1f6m,3,55296
10026,hammerdrop1f6m,3,90112
10027,hammerdrop1f6m,3,67584
10028,hammerdrop1f6m,3,92160
10029,hammerdrop1f6m,3,75776
10030,hammerdrop1f6m,4,75776
10031,hammerdrop1f6m,4,88064
10032,hammerdrop1f6m,4,88064
10033,hammerdrop1f6m,4,65536
10034,hammerdrop1f6m,4,67584
10035,hammerdrop1f6m,4,90112
10036,hammerdrop1f6m,4,96256
10037,hammerdrop1f6m,4,71680
10038,hammerdrop1f6m,4,86016
10039,hammerdrop1f6m,4,75776
10040,hammerdrop1f6m,5,88064
10041,hammerdrop1f6m,5,86016
10042,hammerdrop1f6m,5,69632
10043,hammerdrop1f6m,5,92160
10044,hammerdrop1f6m,5,92160
10045,hammerdrop1f6m,5,94208
10046,hammerdrop1f6m,5,73728
10047,hammerdrop1f6m,5,92160
10048,hammerdrop1f6m,5,75776
10049,hammerdrop1f6m,5,77824
11000,hammerdrop1f12m,1,88064
11001,hammerdrop1f12m,1,40960
11002,hammerdrop1f12m,1,90112
11003,hammerdrop1f12m,1,100352
11004,hammerdrop1f12m,1,86016
11005,hammerdrop1f12m,1,67584
11006,hammerdrop1f12m,1,79872
11007,hammerdrop1f12m,1,92160
11008,hammerdrop1f12m,1,65536
11009,hammerdrop1f12m,1,59392
11010,hammerdrop1f12m,2,86016
11011,hammerdrop1f12m,2,61440
11012,hammerdrop1f12m,2,61440
11013,hammerdrop1f12m,2,77824
11014,hammerdrop1f12m,2,90112
11015,hammerdrop1f12m,2,88064
11016,hammerdrop1f12m,2,86016
11017,hammerdrop1f12m,2,65536
11018,hammerdrop1f12m,2,61440
11019,hammerdrop1f12m,2,86016
11020,hammerdrop1f12m,3,59392
11021,hammerdrop1f12m,3,65536
11022,hammerdrop1f12m,3,88064
11023,hammerdrop1f12m,3,79872
11024,hammerdrop1f12m,3,77824
11025,hammerdrop1f12m,3,65536
11026,hammerdrop1f12m,3,79872
11027,hammerdrop1f12m,3,73728
11028,hammerdrop1f12m,3,71680
11029,hammerdrop1f12m,3,77824
11030,hammerdrop1f12m,4,69632
11031,hammerdrop1f12m,4,83968
11032,hammerdrop1f12m,4,79872
11033,hammerdrop1f12m,4,79872
11034,hammerdrop1f12m,4,86016
11035,hammerdrop1f12m,4,77824
11036,hammerdrop1f12m,4,59392
11037,hammerdrop1f12m,4,92160
11038,hammerdrop1f12m,4,75776
11039,hammerdrop1f12m,4,63488
11040,hammerdrop1f12m,5,102400
11041,hammerdrop1f12m,5,57344
11042,hammerdrop1f12m,5,75776
11043,hammerdrop1f12m,5,57344
11044,hammerdrop1f12m,5,81920
11045,hammerdrop1f12m,5,43008
11046,hammerdrop1f12m,5,71680
11047,hammerdrop1f12m,5,94208
11048,hammerdrop1f12m,5,67584
11049,hammerdrop1f12m,5,88064
12000,hammerdrop2f0m,1,79872
12001,hammerdrop2f0m,1,77824
12002,hammerdrop2f0m,1,86016
12003,hammerdrop2f0m,1,75776
12004,hammerdrop2f0m,1,81920
12005,hammerdrop2f0m,1,88064
12006,hammerdrop2f0m,1,77824
12007,hammerdrop2f0m,1,75776
12008,hammerdrop2f0m,1,65536
12009,hammerdrop2f0m,1,120832
12010,hammerdrop2f0m,2,77824
12011,hammerdrop2f0m,2,69632
12012,hammerdrop2f0m,2,67584
12013,hammerdrop2f0m,2,71680
12014,hammerdrop2f0m,2,96256
12015,hammerdrop2f0m,2,75776
12016,hammerdrop2f0m,2,32768
12017,hammerdrop2f0m,2,75776
12018,hammerdrop2f0m,2,79872
12019,hammerdrop2f0m,2,73728
12020,hammerdrop2f0m,3,61440
12021,hammerdrop2f0m,3,88064
12022,hammerdrop2f0m,3,73728
12023,hammerdrop2f0m,3,69632
12024,hammerdrop2f0m,3,79872
12025,hammerdrop2f0m,3,71680
12026,hammerdrop2f0m,3,69632
12027,hammerdrop2f0m,3,75776
12028,hammerdrop2f0m,3,77824
12029,hammerdrop2f0m,3,124928
12030,hammerdrop2f0m,4,71680
12031,hammerdrop2f0m,4,71680
12032,hammerdrop2f0m,4,71680
12033,hammerdrop2f0m,4,75776
12034,hammerdrop2f0m,4,90112
12035,hammerdrop2f0m,4,71680
12036,hammerdrop2f0m,4,65536
12037,hammerdrop2f0m,4,69632
12038,hammerdrop2f0m,4,73728
12039,hammerdrop2f0m,4,67584
12040,hammerdrop2f0m,5,67584
12041,hammerdrop2f0m,5,73728
12042,hammerdrop2f0m,5,79872
12043,hammerdrop2f0m,5,73728
12044,hammerdrop2f0m,5,81920
12045,hammerdrop2f0m,5,75776
12046,hammerdrop2f0m,5,90112
12047,hammerdrop2f0m,5,65536
12048,hammerdrop2f0m,5,75776
12049,hammerdrop2f0m,5,73728
13000,hammerdrop2f6m,1,69632
13001,hammerdrop2f6m,1,83968
13002,hammerdrop2f6m,1,77824
13003,hammerdrop2f6m,1,81920
13004,hammerdrop2f6m,1,67584
13005,hammerdrop2f6m,1,92160
13006,hammerdrop2f6m,1,57344
13007,hammerdrop2f6m,1,55296
13008,hammerdrop2f6m,1,59392
13009,hammerdrop2f6m,1,92160
13010,hammerdrop2f6m,2,94208
13011,hammerdrop2f6m,2,71680
13012,hammerdrop2f6m,2,63488
13013,hammerdrop2f6m,2,86016
13014,hammerdrop2f6m,2,71680
13015,hammerdrop2f6m,2,79872
13016,hammerdrop2f6m,2,88064
13017,hammerdrop2f6m,2,73728
13018,hammerdrop2f6m,2,81920
13019,hammerdrop2f6m,2,77824
13020,hammerdrop2f6m,3,73728
13021,hammerdrop2f6m,3,83968
13022,hammerdrop2f6m,3,67584
13023,hammerdrop2f6m,3,83968
13024,hammerdrop2f6m,3,55296
13025,hammerdrop2f6m,3,81920
13026,hammerdrop2f6m,3,63488
13027,hammerdrop2f6m,3,83968
13028,hammerdrop2f6m,3,67584
13029,hammerdrop2f6m,3,75776
13030,hammerdrop2f6m,4,73728
13031,hammerdrop2f6m,4,67584
13032,hammerdrop2f6m,4,88064
13033,hammerdrop2f6m,4,67584
13034,hammerdrop2f6m,4,81920
13035,hammerdrop2f6m,4,79872
13036,hammerdrop2f6m,4,90112
13037,hammerdrop2f6m,4,96256
13038,hammerdrop2f6m,4,51200
13039,hammerdrop2f6m,4,92160
13040,hammerdrop2f6m,5,88064
13041,hammerdrop2f6m,5,69632
13042,hammerdrop2f6m,5,81920
13043,hammerdrop2f6m,5,96256
13044,hammerdrop2f6m,5,63488
13045,hammerdrop2f6m,5,77824
13046,hammerdrop2f6m,5,86016
13047,hammerdrop2f6m,5,75776
13048,hammerdrop2f6m,5,57344
13049,hammerdrop2f6m,5,69632
14000,hammerdrop2f12m,1,88064
14001,hammerdrop2f12m,1,92160
14002,hammerdrop2f12m,1,83968
14003,hammerdrop2f12m,1,81920
14004,hammerdrop2f12m,1,63488
14005,hammerdrop2f12m,1,79872
14006,hammerdrop2f12m,1,61440
14007,hammerdrop2f12m,1,77824
14008,hammerdrop2f12m,1,79872
14009,hammerdrop2f12m,1,63488
14010,hammerdrop2f12m,2,53248
14011,hammerdrop2f12m,2,59392
14012,hammerdrop2f12m,2,75776
14013,hammerdrop2f12m,2,73728
14014,hammerdrop2f12m,2,83968
14015,hammerdrop2f12m,2,65536
14016,hammerdrop2f12m,2,34816
14017,hammerdrop2f12m,2,65536
14018,hammerdrop2f12m,2,53248
14019,hammerdrop2f12m,2,65536
14020,hammerdrop2f12m,3,75776
14021,hammerdrop2f12m,3,43008
14022,hammerdrop2f12m,3,55296
14023,hammerdrop2f12m,3,75776
14024,hammerdrop2f12m,3,63488
14025,hammerdrop2f12m,3,45056
14026,hammerdrop2f12m,3,59392
14027,hammerdrop2f12m,3,83968
14028,hammerdrop2f12m,3,69632
14029,hammerdrop2f12m,3,73728
14030,hammerdrop2f12m,4,86016
14031,hammerdrop2f12m,4,51200
14032,hammerdrop2f12m,4,59392
14033,hammerdrop2f12m,4,79872
14034,hammerdrop2f12m,4,77824
14035,hammerdrop2f12m,4,69632
14036,hammerdrop2f12m,4,57344
14037,hammerdrop2f12m,4,51200
14038,hammerdrop2f12m,4,65536
14039,hammerdrop2f12m,4,65536
14040,hammerdrop2f12m,5,73728
14041,hammerdrop2f12m,5,83968
14042,hammerdrop2f12m,5,65536
14043,hammerdrop2f12m,5,75776
14044,hammerdrop2f12m,5,77824
14045,hammerdrop2f12m,5,90112
14046,hammerdrop2f12m,5,69632
14047,hammerdrop2f12m,5,81920
14048,hammerdrop2f12m,5,59392
14049,hammerdrop2f12m,5,57344
15000,hammerdrop3f0m,1,81920
15001,hammerdrop3f0m,1,67584
15002,hammerdrop3f0m,1,88064
15003,hammerdrop3f0m,1,73728
15004,hammerdrop3f0m,1,69632
15005,hammerdrop3f0m,1,61440
15006,hammerdrop3f0m,1,73728
15007,hammerdrop3f0m,1,83968
15008,hammerdrop3f0m,1,83968
15009,hammerdrop3f0m,1,71680
15010,hammerdrop3f0m,2,71680
15011,hammerdrop3f0m,2,77824
15012,hammerdrop3f0m,2,73728
15013,hammerdrop3f0m,2,63488
15014,hammerdrop3f0m,2,63488
15015,hammerdrop3f0m,2,75776
15016,hammerdrop3f0m,2,63488
15017,hammerdrop3f0m,2,71680
15018,hammerdrop3f0m,2,69632
15019,hammerdrop3f0m,2,77824
15020,hammerdrop3f0m,3,71680
15021,hammerdrop3f0m,3,71680
15022,hammerdrop3f0m,3,61440
15023,hammerdrop3f0m,3,67584
15024,hammerdrop3f0m,3,73728
15025,hammerdrop3f0m,3,69632
15026,hammerdrop3f0m,3,79872
15027,hammerdrop3f0m,3,81920
15028,hammerdrop3f0m,3,90112
15029,hammerdrop3f0m,3,67584
15030,hammerdrop3f0m,4,59392
15031,hammerdrop3f0m,4,69632
15032,hammerdrop3f0m,4,67584
15033,hammerdrop3f0m,4,71680
15034,hammerdrop3f0m,4,71680
15035,hammerdrop3f0m,4,73728
15036,hammerdrop3f0m,4,61440
15037,hammerdrop3f0m,4,71680
15038,hammerdrop3f0m,4,65536
15039,hammerdrop3f0m,4,75776
15040,hammerdrop3f0m,5,83968
15041,hammerdrop3f0m,5,71680
15042,hammerdrop3f0m,5,69632
15043,hammerdrop3f0m,5,94208
15044,hammerdrop3f0m,5,65536
15045,hammerdrop3f0m,5,75776
15046,hammerdrop3f0m,5,67584
15047,hammerdrop3f0m,5,69632
15048,hammerdrop3f0m,5,81920
15049,hammerdrop3f0m,5,69632
16000,hammerdrop3f6m,1,59392
16001,hammerdrop3f6m,1,69632
16002,hammerdrop3f6m,1,83968
16003,hammerdrop3f6m,1,75776
16004,hammerdrop3f6m,1,83968
16005,hammerdrop3f6m,1,65536
16006,hammerdrop3f6m,1,63488
16007,hammerdrop3f6m,1,83968
16008,hammerdrop3f6m,1,71680
16009,hammerdrop3f6m,1,73728
16010,hammerdrop3f6m,2,75776
16011,hammerdrop3f6m,2,79872
16012,hammerdrop3f6m,2,63488
16013,hammerdrop3f6m,2,55296
16014,hammerdrop3f6m,2,65536
16015,hammerdrop3f6m,2,65536
16016,hammerdrop3f6m,2,73728
16017,hammerdrop3f6m,2,63488
16018,hammerdrop3f6m,2,69632
16019,hammerdrop3f6m,2,90112
16020,hammerdrop3f6m,3,77824
16021,hammerdrop3f6m,3,90112
16022,hammerdrop3f6m,3,88064
16023,hammerdrop3f6m,3,77824
16024,hammerdrop3f6m,3,51200
16025,hammerdrop3f6m,3,73728
16026,hammerdrop3f6m,3,71680
16027,hammerdrop3f6m,3,61440
16028,hammerdrop3f6m,3,92160
16029,hammerdrop3f6m,3,73728
16030,hammerdrop3f6m,4,67584
16031,hammerdrop3f6m,4,73728
16032,hammerdrop3f6m,4,73728
16033,hammerdrop3f6m,4,73728
16034,hammerdrop3f6m,4,69632
16035,hammerdrop3f6m,4,81920
16036,hammerdrop3f6m,4,90112
16037,hammerdrop3f6m,4,67584
16038,hammerdrop3f6m,4,71680
16039,hammerdrop3f6m,4,86016
16040,hammerdrop3f6m,5,65536
16041,hammerdrop3f6m,5,63488
16042,hammerdrop3f6m,5,94208
16043,hammerdrop3f6m,5,61440
16044,hammerdrop3f6m,5,92160
16045,hammerdrop3f6m,5,92160
16046,hammerdrop3f6m,5,81920
16047,hammerdrop3f6m,5,71680
16048,hammerdrop3f6m,5,75776
16049,hammerdrop3f6m,5,98304
17000,hammerdrop3f12m,1,92160
17001,hammerdrop3f12m,1,81920
17002,hammerdrop3f12m,1,102400
17003,hammerdrop3f12m,1,53248
17004,hammerdrop3f12m,1,73728
17005,hammerdrop3f12m,1,73728
17006,hammerdrop3f12m,1,69632
17007,hammerdrop3f12m,1,81920
17008,hammerdrop3f12m,1,47104
17009,hammerdrop3f12m,1,73728
17010,hammerdrop3f12m,2,63488
17011,hammerdrop3f12m,2,57344
17012,hammerdrop3f12m,2,47104
17013,hammerdrop3f12m,2,45056
17014,hammerdrop3f12m,2,49152
17015,hammerdrop3f12m,2,75776
17016,hammerdrop3f12m,2,71680
17017,hammerdrop3f12m,2,59392
17018,hammerdrop3f12m,2,55296
17019,hammerdrop3f12m,2,63488
17020,hammerdrop3f12m,3,67584
17021,hammerdrop3f12m,3,73728
17022,hammerdrop3f12m,3,53248
17023,hammerdrop3f12m,3,69632
17024,hammerdrop3f12m,3,51200
17025,hammerdrop3f12m,3,65536
17026,hammerdrop3f12m,3,81920
17027,hammerdrop3f12m,3,55296
17028,hammerdrop3f12m,3,53248
17029,hammerdrop3f12m,3,69632
17030,hammerdrop3f12m,4,67584
17031,hammerdrop3f12m,4,59392
17032,hammerdrop3f12m,4,63488
17033,hammerdrop3f12m,4,57344
17034,hammerdrop3f12m,4,47104
17035,hammerdrop3f12m,4,98304
17036,hammerdrop3f12m,4,81920
17037,hammerdrop3f12m,4,63488
17038,hammerdrop3f12m,4,63488
17039,hammerdrop3f12m,4,81920
17040,hammerdrop3f12m,5,61440
17041,hammerdrop3f12m,5,75776
17042,hammerdrop3f12m,5,71680
17043,hammerdrop3f12m,5,61440
17044,hammerdrop3f12m,5,63488
17045,hammerdrop3f12m,5,90112
17046,hammerdrop3f12m,5,81920
17047,hammerdrop3f12m,5,69632
17048,hammerdrop3f12m,5,69632
17049,hammerdrop3f12m,5,104448
18000,hammerhit1f0m,1,81920
18001,hammerhit1f0m,1,75776
18002,hammerhit1f0m,1,83968
18003,hammerhit1f0m,1,63488
18004,hammerhit1f0m,1,69632
18005,hammerhit1f0m,1,79872
18006,hammerhit1f0m,1,79872
18007,hammerhit1f0m,1,75776
18008,hammerhit1f0m,1,73728
18009,hammerhit1f0m,1,81920
18010,hammerhit1f0m,2,83968
18011,hammerhit1f0m,2,77824
18012,hammerhit1f0m,2,67584
18013,hammerhit1f0m,2,75776
18014,hammerhit1f0m,2,98304
18015,hammerhit1f0m,2,71680
18016,hammerhit1f0m,2,69632
18017,hammerhit1f0m,2,69632
18018,hammerhit1f0m,2,94208
18019,hammerhit1f0m,2,77824
18020,hammerhit1f0m,3,73728
18021,hammerhit1f0m,3,65536
18022,hammerhit1f0m,3,73728
18023,hammerhit1f0m,3,75776
18024,hammerhit1f0m,3,86016
18025,hammerhit1f0m,3,73728
18026,hammerhit1f0m,3,79872
18027,hammerhit1f0m,3,86016
18028,hammerhit1f0m,3,73728
18029,hammerhit1f0m,3,65536
18030,hammerhit1f0m,4,63488
18031,hammerhit1f0m,4,71680
18032,hammerhit1f0m,4,69632
18033,hammerhit1f0m,4,90112
18034,hammerhit1f0m,4,61440
18035,hammerhit1f0m,4,67584
18036,hammerhit1f0m,4,75776
18037,hammerhit1f0m,4,81920
18038,hammerhit1f0m,4,94208
18039,hammerhit1f0m,4,81920
18040,hammerhit1f0m,5,77824
18041,hammerhit1f0m,5,75776
18042,hammerhit1f0m,5,79872
18043,hammerhit1f0m,5,83968
18044,hammerhit1f0m,5,83968
18045,hammerhit1f0m,5,57344
18046,hammerhit1f0m,5,88064
18047,hammerhit1f0m,5,94208
18048,hammerhit1f0m,5,57344
18049,hammerhit1f0m,5,86016
19000,hammerhit1f6m,1,69632
19001,hammerhit1f6m,1,73728
19002,hammerhit1f6m,1,79872
19003,hammerhit1f6m,1,71680
19004,hammerhit1f6m,1,71680
19005,hammerhit1f6m,1,86016
19006,hammerhit1f6m,1,75776
19007,hammerhit1f6m,1,86016
19008,hammerhit1f6m,1,77824
19009,hammerhit1f6m,1,73728
19010,hammerhit1f6m,2,106496
19011,hammerhit1f6m,2,114688
19012,hammerhit1f6m,2,75776
19013,hammerhit1f6m,2,79872
19014,hammerhit1f6m,2,79872
19015,hammerhit1f6m,2,86016
19016,hammerhit1f6m,2,79872
19017,hammerhit1f6m,2,69632
19018,hammerhit1f6m,2,69632
19019,hammerhit1f6m,2,61440
19020,hammerhit1f6m,3,59392
19021,hammerhit1f6m,3,86016
19022,hammerhit1f6m,3,81920
19023,hammerhit1f6m,3,61440
19024,hammerhit1f6m,3,59392
19025,hammerhit1f6m,3,65536
19026,hammerhit1f6m,3,55296
19027,hammerhit1f6m,3,61440
19028,hammerhit1f6m,3,53248
19029,hammerhit1f6m,3,45056
19030,hammerhit1f6m,4,73728
19031,hammerhit1f6m,4,65536
19032,hammerhit1f6m,4,75776
19033,hammerhit1f6m,4,69632
19034,hammerhit1f6m,4,79872
19035,hammerhit1f6m,4,77824
19036,hammerhit1f6m,4,67584
19037,hammerhit1f6m,4,83968
19038,hammerhit1f6m,4,57344
19039,hammerhit1f6m,4,59392
19040,hammerhit1f6m,5,73728
19041,hammerhit1f6m,5,53248
19042,hammerhit1f6m,5,67584
19043,hammerhit1f6m,5,71680
19044,hammerhit1f6m,5,77824
19045,hammerhit1f6m,5,86016
19046,hammerhit1f6m,5,73728
19047,hammerhit1f6m,5,75776
19048,hammerhit1f6m,5,73728
19049,hammerhit1f6m,5,71680
20000,hammerhit1f12m,1,57344
20001,hammerhit1f12m,1,63488
20002,hammerhit1f12m,1,67584
20003,hammerhit1f12m,1,94208
20004,hammerhit1f12m,1,83968
20005,hammerhit1f12m,1,40960
20006,hammerhit1f12m,1,67584
20007,hammerhit1f12m,1,69632
20008,hammerhit1f12m,1,79872
20009,hammerhit1f12m,1,83968
20010,hammerhit1f12m,2,65536
20011,hammerhit1f12m,2,36864
20012,hammerhit1f12m,2,73728
20013,hammerhit1f12m,2,90112
20014,hammerhit1f12m,2,69632
20015,hammerhit1f12m,2,79872
20016,hammerhit1f12m,2,73728
20017,hammerhit1f12m,2,45056
20018,hammerhit1f12m,2,45056
20019,hammerhit1f12m,2,43008
20020,hammerhit1f12m,3,79872
20021,hammerhit1f12m,3,75776
20022,hammerhit1f12m,3,86016
20023,hammerhit1f12m,3,88064
20024,hammerhit1f12m,3,88064
20025,hammerhit1f12m,3,79872
20026,hammerhit1f12m,3,73728
20027,hammerhit1f12m,3,71680
20028,hammerhit1f12m,3,81920
20029,hammerhit1f12m,3,75776
20030,hammerhit1f12m,4,81920
20031,hammerhit1f12m,4,79872
20032,hammerhit1f12m,4,53248
20033,hammerhit1f12m,4,75776
20034,hammerhit1f12m,4,65536
20035,hammerhit1f12m,4,65536
20036,hammerhit1f12m,4,43008
20037,hammerhit1f12m,4,45056
20038,hammerhit1f12m,4,65536
20039,hammerhit1f12m,4,94208
20040,hammerhit1f12m,5,75776
20041,hammerhit1f12m,5,69632
20042,hammerhit1f12m,5,81920
20043,hammerhit1f12m,5,83968
20044,hammerhit1f12m,5,71680
20045,hammerhit1f12m,5,49152
20046,hammerhit1f12m,5,71680
20047,hammerhit1f12m,5,61440
20048,hammerhit1f12m,5,77824
20049,hammerhit1f12m,5,45056
21000,hammerhit2f0m,1,71680
21001,hammerhit2f0m,1,69632
21002,hammerhit2f0m,1,75776
21003,hammerhit2f0m,1,61440
21004,hammerhit2f0m,1,75776
21005,hammerhit2f0m,1,63488
21006,hammerhit2f0m,1,67584
21007,hammerhit2f0m,1,81920
21008,hammerhit2f0m,1,77824
21009,hammerhit2f0m,1,65536
21010,hammerhit2f0m,2,81920
21011,hammerhit2f0m,2,96256
21012,hammerhit2f0m,2,71680
21013,hammerhit2f0m,2,83968
21014,hammerhit2f0m,2,77824
21015,hammerhit2f0m,2,77824
21016,hammerhit2f0m,2,86016
21017,hammerhit2f0m,2,81920
21018,hammerhit2f0m,2,94208
21019,hammerhit2f0m,2,94208
21020,hammerhit2f0m,3,75776
21021,hammerhit2f0m,3,88064
21022,hammerhit2f0m,3,71680
21023,hammerhit2f0m,3,86016
21024,hammerhit2f0m,3,79872
21025,hammerhit2f0m,3,67584
21026,hammerhit2f0m,3,83968
21027,hammerhit2f0m,3,75776
21028,hammerhit2f0m,3,98304
21029,hammerhit2f0m,3,79872
21030,hammerhit2f0m,4,73728
21031,hammerhit2f0m,4,71680
21032,hammerhit2f0m,4,69632
21033,hammerhit2f0m,4,86016
21034,hammerhit2f0m,4,77824
21035,hammerhit2f0m,4,75776
21036,hammerhit2f0m,4,86016
21037,hammerhit2f0m,4,83968
21038,hammerhit2f0m,4,81920
21039,hammerhit2f0m,4,67584
21040,hammerhit2f0m,5,77824
21041,hammerhit2f0m,5,73728
21042,hammerhit2f0m,5,69632
21043,hammerhit2f0m,5,69632
21044,hammerhit2f0m,5,77824
21045,hammerhit2f0m,5,92160
21046,hammerhit2f0m,5,94208
21047,hammerhit2f0m,5,90112
21048,hammerhit2f0m,5,73728
21049,hammerhit2f0m,5,81920
22000,hammerhit2f6m,1,65536
22001,hammerhit2f6m,1,79872
22002,hammerhit2f6m,1,81920
22003,hammerhit2f6m,1,71680
22004,hammerhit2f6m,1,71680
22005,hammerhit2f6m,1,77824
22006,hammerhit2f6m,1,65536
22007,hammerhit2f6m,1,71680
22008,hammerhit2f6m,1,79872
22009,hammerhit2f6m,1,47104
22010,hammerhit2f6m,2,40960
22011,hammerhit2f6m,2,79872
22012,hammerhit2f6m,2,77824
22013,hammerhit2f6m,2,71680
22014,hammerhit2f6m,2,65536
22015,hammerhit2f6m,2,67584
22016,hammerhit2f6m,2,90112
22017,hammerhit2f6m,2,96256
22018,hammerhit2f6m,2,75776
22019,hammerhit2f6m,2,75776
22020,hammerhit2f6m,3,98304
22021,hammerhit2f6m,3,77824
22022,hammerhit2f6m,3,75776
22023,hammerhit2f6m,3,81920
22024,hammerhit2f6m,3,88064
22025,hammerhit2f6m,3,104448
22026,hammerhit2f6m,3,77824
22027,hammerhit2f6m,3,98304
22028,hammerhit2f6m,3,79872
22029,hammerhit2f6m,3,65536
22030,hammerhit2f6m,4,79872
22031,hammerhit2f6m,4,57344
22032,hammerhit2f6m,4,65536
22033,hammerhit2f6m,4,83968
22034,hammerhit2f6m,4,65536
22035,hammerhit2f6m,4,73728
22036,hammerhit2f6m,4,75776
22037,hammerhit2f6m,4,63488
22038,hammerhit2f6m,4,81920
22039,hammerhit2f6m,4,81920
22040,hammerhit2f6m,5,73728
22041,hammerhit2f6m,5,98304
22042,hammerhit2f6m,5,65536
22043,hammerhit2f6m,5,73728
22044,hammerhit2f6m,5,86016
22045,hammerhit2f6m,5,86016
22046,hammerhit2f6m,5,86016
22047,hammerhit2f6m,5,71680
22048,hammerhit2f6m,5,59392
22049,hammerhit2f6m,5,83968
23000,hammerhit2f12m,1,79872
23001,hammerhit2f12m,1,57344
23002,hammerhit2f12m,1,38912
23003,hammerhit2f12m,1,90112
23004,hammerhit2f12m,1,67584
23005,hammerhit2f12m,1,55296
23006,hammerhit2f12m,1,65536
23007,hammerhit2f12m,1,67584
23008,hammerhit2f12m,1,71680
23009,hammerhit2f12m,1,75776
23010,hammerhit2f12m,2,79872
23011,hammerhit2f12m,2,47104
23012,hammerhit2f12m,2,77824
23013,hammerhit2f12m,2,51200
23014,hammerhit2f12m,2,88064
23015,hammerhit2f12m,2,77824
23016,hammerhit2f12m,2,83968
23017,hammerhit2f12m,2,45056
23018,hammerhit2f12m,2,63488
23019,hammerhit2f12m,2,47104
23020,hammerhit2f12m,3,45056
23021,hammerhit2f12m,3,57344
23022,hammerhit2f12m,3,57344
23023,hammerhit2f12m,3,45056
23024,hammerhit2f12m,3,38912
23025,hammerhit2f12m,3,47104
23026,hammerhit2f12m,3,61440
23027,hammerhit2f12m,3,49152
23028,hammerhit2f12m,3,26624
23029,hammerhit2f12m,3,57344
23030,hammerhit2f12m,4,49152
23031,hammerhit2f12m,4,40960
23032,hammerhit2f12m,4,38912
23033,hammerhit2f12m,4,40960
23034,hammerhit2f12m,4,49152
23035,hammerhit2f12m,4,94208
23036,hammerhit2f12m,4,69632
23037,hammerhit2f12m,4,75776
23038,hammerhit2f12m,4,65536
23039,hammerhit2f12m,4,79872
23040,hammerhit2f12m,5,83968
23041,hammerhit2f12m,5,81920
23042,hammerhit2f12m,5,75776
23043,hammerhit2f12m,5,79872
23044,hammerhit2f12m,5,98304
23045,hammerhit2f12m,5,53248
23046,hammerhit2f12m,5,69632
23047,hammerhit2f12m,5,83968
23048,hammerhit2f12m,5,83968
23049,hammerhit2f12m,5,77824
24000,hammerhit3f0m,1,55296
24001,hammerhit3f0m,1,61440
24002,hammerhit3f0m,1,81920
24003,hammerhit3f0m,1,79872
24004,hammerhit3f0m,1,53248
24005,hammerhit3f0m,1,96256
24006,hammerhit3f0m,1,77824
24007,hammerhit3f0m,1,96256
24008,hammerhit3f0m,1,79872
24009,hammerhit3f0m,1,63488
24010,hammerhit3f0m,2,67584
24011,hammerhit3f0m,2,79872
24012,hammerhit3f0m,2,75776
24013,hammerhit3f0m,2,71680
24014,hammerhit3f0m,2,63488
24015,hammerhit3f0m,2,79872
24016,hammerhit3f0m,2,86016
24017,hammerhit3f0m,2,59392
24018,hammerhit3f0m,2,104448
24019,hammerhit3f0m,2,65536
24020,hammerhit3f0m,3,61440
24021,hammerhit3f0m,3,79872
24022,hammerhit3f0m,3,96256
24023,hammerhit3f0m,3,86016
24024,hammerhit3f0m,3,81920
24025,hammerhit3f0m,3,73728
24026,hammerhit3f0m,3,73728
24027,hammerhit3f0m,3,57344
24028,hammerhit3f0m,3,90112
24029,hammerhit3f0m,3,53248
24030,hammerhit3f0m,4,63488
24031,hammerhit3f0m,4,92160
24032,hammerhit3f0m,4,73728
24033,hammerhit3f0m,4,73728
24034,hammerhit3f0m,4,81920
24035,hammerhit3f0m,4,67584
24036,hammerhit3f0m,4,79872
24037,hammerhit3f0m,4,61440
24038,hammerhit3f0m,4,57344
24039,hammerhit3f0m,4,69632
24040,hammerhit3f0m,5,57344
24041,hammerhit3f0m,5,65536
24042,hammerhit3f0m,5,86016
24043,hammerhit3f0m,5,67584
24044,hammerhit3f0m,5,61440
24045,hammerhit3f0m,5,59392
24046,hammerhit3f0m,5,59392
24047,hammerhit3f0m,5,55296
24048,hammerhit3f0m,5,43008
24049,hammerhit3f0m,5,40960
25000,hammerhit3f6m,1,53248
25001,hammerhit3f6m,1,129024
25002,hammerhit3f6m,1,73728
25003,hammerhit3f6m,1,83968
25004,hammerhit3f6m,1,45056
25005,hammerhit3f6m,1,67584
25006,hammerhit3f6m,1,67584
25007,hammerhit3f6m,1,65536
25008,hammerhit3f6m,1,63488
25009,hammerhit3f6m,1,43008
25010,hammerhit3f6m,2,73728
25011,hammerhit3f6m,2,73728
25012,hammerhit3f6m,2,65536
25013,hammerhit3f6m,2,53248
25014,hammerhit3f6m,2,81920
25015,hammerhit3f6m,2,43008
25016,hammerhit3f6m,2,51200
25017,hammerhit3f6m,2,61440
25018,hammerhit3f6m,2,69632
25019,hammerhit3f6m,2,92160
25020,hammerhit3f6m,3,75776
25021,hammerhit3f6m,3,61440
25022,hammerhit3f6m,3,43008
25023,hammerhit3f6m,3,55296
25024,hammerhit3f6m,3,77824
25025,hammerhit3f6m,3,79872
25026,hammerhit3f6m,3,69632
25027,hammerhit3f6m,3,47104
25028,hammerhit3f6m,3,63488
25029,hammerhit3f6m,3,65536
25030,hammerhit3f6m,4,53248
25031,hammerhit3f6m,4,53248
25032,hammerhit3f6m,4,71680
25033,hammerhit3f6m,4,71680
25034,hammerhit3f6m,4,49152
25035,hammerhit3f6m,4,61440
25036,hammerhit3f6m,4,57344
25037,hammerhit3f6m,4,77824
25038,hammerhit3f6m,4,94208
25039,hammerhit3f6m,4,79872
25040,hammerhit3f6m,5,40960
25041,hammerhit3f6m,5,75776
25042,hammerhit3f6m,5,57344
25043,hammerhit3f6m,5,75776
25044,hammerhit3f6m,5,77824
25045,hammerhit3f6m,5,77824
25046,hammerhit3f6m,5,59392
25047,hammerhit3f6m,5,75776
25048,hammerhit3f6m,5,67584
25049,hammerhit3f6m,5,75776
26000,hammerhit3f12m,1,55296
26001,hammerhit3f12m,1,53248
26002,hammerhit3f12m,1,49152
26003,hammerhit3f12m,1,53248
26004,hammerhit3f12m,1,59392
26005,hammerhit3f12m,1,47104
26006,hammerhit3f12m,1,71680
26007,hammerhit3f12m,1,71680
26008,hammerhit3f12m,1,81920
26009,hammerhit3f12m,1,65536
26010,hammerhit3f12m,2,69632
26011,hammerhit3f12m,2,55296
26012,hammerhit3f12m,2,71680
26013,hammerhit3f12m,2,71680
26014,hammerhit3f12m,2,71680
26015,hammerhit3f12m,2,81920
26016,hammerhit3f12m,2,81920
26017,hammerhit3f12m,2,75776
26018,hammerhit3f12m,2,69632
26019,hammerhit3f12m,2,65536
26020,hammerhit3f12m,3,98304
26021,hammerhit3f12m,3,83968
26022,hammerhit3f12m,3,67584
26023,hammerhit3f12m,3,53248
26024,hammerhit3f12m,3,106496
26025,hammerhit3f12m,3,81920
26026,hammerhit3f12m,3,65536
26027,hammerhit3f12m,3,69632
26028,hammerhit3f12m,3,100352
26029,hammerhit3f12m,3,61440
26030,hammerhit3f12m,4,57344
26031,hammerhit3f12m,4,81920
26032,hammerhit3f12m,4,71680
26033,hammerhit3f12m,4,61440
26034,hammerhit3f12m,4,75776
26035,hammerhit3f12m,4,51200
26036,hammerhit3f12m,4,81920
26037,hammerhit3f12m,4,81920
26038,hammerhit3f12m,4,71680
26039,hammerhit3f12m,4,73728
26040,hammerhit3f12m,5,79872
26041,hammerhit3f12m,5,69632
26042,hammerhit3f12m,5,100352
26043,hammerhit3f12m,5,83968
26044,hammerhit3f12m,5,71680
26045,hammerhit3f12m,5,71680
26046,hammerhit3f12m,5,88064
26047,hammerhit3f12m,5,71680
26048,hammerhit3f12m,5,81920
26049,hammerhit3f12m,5,55296
27000,chairdrag1f0m,1,59392
27001,chairdrag1f0m,1,61440
27002,chairdrag1f0m,1,69632
27003,chairdrag1f0m,1,57344
27004,chairdrag1f0m,1,57344
27005,chairdrag1f0m,1,51200
27006,chairdrag1f0m,1,53248
27007,chairdrag1f0m,1,79872
27008,chairdrag1f0m,1,59392
27009,chairdrag1f0m,1,61440
27010,chairdrag1f0m,2,57344
27011,chairdrag1f0m,2,59392
27012,chairdrag1f0m,2,61440
27013,chairdrag1f0m,2,57344
27014,chairdrag1f0m,2,61440
27015,chairdrag1f0m,2,75776
27016,chairdrag1f0m,2,67584
27017,chairdrag1f0m,2,67584
27018,chairdrag1f0m,2,57344
27019,chairdrag1f0m,2,69632
27020,chairdrag1f0m,3,75776
27021,chairdrag1f0m,3,67584
27022,chairdrag1f0m,3,69632
27023,chairdrag1f0m,3,69632
27024,chairdrag1f0m,3,71680
27025,chairdrag1f0m,3,79872
27026,chairdrag1f0m,3,53248
27027,chairdrag1f0m,3,73728
27028,chairdrag1f0m,3,57344
27029,chairdrag1f0m,3,65536
27030,chairdrag1f0m,4,59392
27031,chairdrag1f0m,4,67584
27032,chairdrag1f0m,4,61440
27033,chairdrag1f0m,4,69632
27034,chairdrag1f0m,4,73728
27035,chairdrag1f0m,4,57344
27036,chairdrag1f0m,4,67584
27037,chairdrag1f0m,4,57344
27038,chairdrag1f0m,4,61440
27039,chairdrag1f0m,4,59392
27040,chairdrag1f0m,5,79872
27041,chairdrag1f0m,5,67584
27042,chairdrag1f0m,5,59392
27043,chairdrag1f0m,5,63488
27044,chairdrag1f0m,5,73728
27045,chairdrag1f0m,5,67584
27046,chairdrag1f0m,5,69632
27047,chairdrag1f0m,5,67584
27048,chairdrag1f0m,5,63488
27049,chairdrag1f0m,5,65536
28000,chairdrag1f6m,1,59392
28001,chairdrag1f6m,1,65536
28002,chairdrag1f6m,1,71680
28003,chairdrag1f6m,1,63488
28004,chairdrag1f6m,1,69632
28005,chairdrag1f6m,1,67584
28006,chairdrag1f6m,1,67584
28007,chairdrag1f6m,1,65536
28008,chairdrag1f6m,1,67584
28009,chairdrag1f6m,1,71680
28010,chairdrag1f6m,2,77824
28011,chairdrag1f6m,2,67584
28012,chairdrag1f6m,2,59392
28013,chairdrag1f6m,2,63488
28014,chairdrag1f6m,2,63488
28015,chairdrag1f6m,2,73728
28016,chairdrag1f6m,2,67584
28017,chairdrag1f6m,2,86016
28018,chairdrag1f6m,2,75776
28019,chairdrag1f6m,2,65536
28020,chairdrag1f6m,3,57344
28021,chairdrag1f6m,3,67584
28022,chairdrag1f6m,3,61440
28023,chairdrag1f6m,3,67584
28024,chairdrag1f6m,3,69632
28025,chairdrag1f6m,3,79872
28026,chairdrag1f6m,3,67584
28027,chairdrag1f6m,3,65536
28028,chairdrag1f6m,3,65536
28029,chairdrag1f6m,3,65536
28030,chairdrag1f6m,4,57344
28031,chairdrag1f6m,4,53248
28032,chairdrag1f6m,4,65536
28033,chairdrag1f6m,4,71680
28034,chairdrag1f6m,4,71680
28035,chairdrag1f6m,4,67584
28036,chairdrag1f6m,4,67584
28037,chairdrag1f6m,4,51200
28038,chairdrag1f6m,4,67584
28039,chairdrag1f6m,4,59392
28040,chairdrag1f6m,5,73728
28041,chairdrag1f6m,5,71680
28042,chairdrag1f6m,5,67584
28043,chairdrag1f6m,5,63488
28044,chairdrag1f6m,5,65536
28045,chairdrag1f6m,5,63488
28046,chairdrag1f6m,5,65536
28047,chairdrag1f6m,5,69632
28048,chairdrag1f6m,5,69632
28049,chairdrag1f6m,5,63488
29000,chairdrag1f12m,1,61440
29001,chairdrag1f12m,1,57344
29002,chairdrag1f12m,1,53248
29003,chairdrag1f12m,1,67584
29004,chairdrag1f12m,1,28672
29005,chairdrag1f12m,1,59392
29006,chairdrag1f12m,1,65536
29007,chairdrag1f12m,1,65536
29008,chairdrag1f12m,1,65536
29009,chairdrag1f12m,1,71680
29010,chairdrag1f12m,2,71680
29011,chairdrag1f12m,2,71680
29012,chairdrag1f12m,2,65536
29013,chairdrag1f12m,2,65536
29014,chairdrag1f12m,2,61440
29015,chairdrag1f12m,2,59392
29016,chairdrag1f12m,2,61440
29017,chairdrag1f12m,2,65536
29018,chairdrag1f12m,2,73728
29019,chairdrag1f12m,2,67584
29020,chairdrag1f12m,3,65536
29021,chairdrag1f12m,3,69632
29022,chairdrag1f12m,3,65536
29023,chairdrag1f12m,3,71680
29024,chairdrag1f12m,3,69632
29025,chairdrag1f12m,3,69632
29026,chairdrag1f12m,3,65536
29027,chairdrag1f12m,3,73728
29028,chairdrag1f12m,3,61440
29029,chairdrag1f12m,3,57344
29030,chairdrag1f12m,4,73728
29031,chairdrag1f12m,4,86016
29032,chairdrag1f12m,4,65536
29033,chairdrag1f12m,4,63488
29034,chairdrag1f12m,4,69632
29035,chairdrag1f12m,4,73728
29036,chairdrag1f12m,4,77824
29037,chairdrag1f12m,4,67584
29038,chairdrag1f12m,4,69632
29039,chairdrag1f12m,4,67584
29040,chairdrag1f12m,5,90112
29041,chairdrag1f12m,5,65536
29042,chairdrag1f12m,5,65536
29043,chairdrag1f12m,5,67584
29044,chairdrag1f12m,5,73728
29045,chairdrag1f12m,5,124928
29046,chairdrag1f12m,5,55296
29047,chairdrag1f12m,5,57344
29048,chairdrag1f12m,5,49152
29049,chairdrag1f12m,5,65536
30000,chairdrag2f0m,1,67584
30001,chairdrag2f0m,1,77824
30002,chairdrag2f0m,1,75776
30003,chairdrag2f0m,1,77824
30004,chairdrag2f0m,1,75776
30005,chairdrag2f0m,1,77824
30006,chairdrag2f0m,1,83968
30007,chairdrag2f0m,1,63488
30008,chairdrag2f0m,1,65536
30009,chairdrag2f0m,1,86016
30010,chairdrag2f0m,2,77824
30011,chairdrag2f0m,2,73728
30012,chairdrag2f0m,2,83968
30013,chairdrag2f0m,2,90112
30014,chairdrag2f0m,2,77824
30015,chairdrag2f0m,2,81920
30016,chairdrag2f0m,2,77824
30017,chairdrag2f0m,2,77824
30018,chairdrag2f0m,2,90112
30019,chairdrag2f0m,2,92160
30020,chairdrag2f0m,3,83968
30021,chairdrag2f0m,3,75776
30022,chairdrag2f0m,3,77824
30023,chairdrag2f0m,3,75776
30024,chairdrag2f0m,3,90112
30025,chairdrag2f0m,3,92160
30026,chairdrag2f0m,3,77824
30027,chairdrag2f0m,3,77824
30028,chairdrag2f0m,3,94208
30029,chairdrag2f0m,3,96256
30030,chairdrag2f0m,4,86016
30031,chairdrag2f0m,4,79872
30032,chairdrag2f0m,4,81920
30033,chairdrag2f0m,4,81920
30034,chairdrag2f0m,4,81920
30035,chairdrag2f0m,4,88064
30036,chairdrag2f0m,4,75776
30037,chairdrag2f0m,4,75776
30038,chairdrag2f0m,4,75776
30039,chairdrag2f0m,4,88064
30040,chairdrag2f0m,5,81920
30041,chairdrag2f0m,5,73728
30042,chairdrag2f0m,5,75776
30043,chairdrag2f0m,5,73728
30044,chairdrag2f0m,5,83968
30045,chairdrag2f0m,5,77824
30046,chairdrag2f0m,5,81920
30047,chairdrag2f0m,5,79872
30048,chairdrag2f0m,5,75776
30049,chairdrag2f0m,5,63488
31000,chairdrag2f6m,1,79872
31001,chairdrag2f6m,1,69632
31002,chairdrag2f6m,1,73728
31003,chairdrag2f6m,1,73728
31004,chairdrag2f6m,1,75776
31005,chairdrag2f6m,1,94208
31006,chairdrag2f6m,1,59392
31007,chairdrag2f6m,1,65536
31008,chairdrag2f6m,1,69632
31009,chairdrag2f6m,1,96256
31010,chairdrag2f6m,2,57344
31011,chairdrag2f6m,2,77824
31012,chairdrag2f6m,2,81920
31013,chairdrag2f6m,2,75776
31014,chairdrag2f6m,2,65536
31015,chairdrag2f6m,2,81920
31016,chairdrag2f6m,2,63488
31017,chairdrag2f6m,2,67584
31018,chairdrag2f6m,2,59392
31019,chairdrag2f6m,2,81920
31020,chairdrag2f6m,3,65536
31021,chairdrag2f6m,3,69632
31022,chairdrag2f6m,3,57344
31023,chairdrag2f6m,3,63488
31024,chairdrag2f6m,3,81920
31025,chairdrag2f6m,3,57344
31026,chairdrag2f6m,3,69632
31027,chairdrag2f6m,3,90112
31028,chairdrag2f6m,3,49152
31029,chairdrag2f6m,3,49152
31030,chairdrag2f6m,4,63488
31031,chairdrag2f6m,4,59392
31032,chairdrag2f6m,4,57344
31033,chairdrag2f6m,4,86016
31034,chairdrag2f6m,4,83968
31035,chairdrag2f6m,4,67584
31036,chairdrag2f6m,4,69632
31037,chairdrag2f6m,4,77824
31038,chairdrag2f6m,4,69632
31039,chairdrag2f6m,4,81920
31040,chairdrag2f6m,5,77824
31041,chairdrag2f6m,5,77824
31042,chairdrag2f6m,5,59392
31043,chairdrag2f6m,5,81920
31044,chairdrag2f6m,5,79872
31045,chairdrag2f6m,5,71680
31046,chairdrag2f6m,5,57344
31047,chairdrag2f6m,5,69632
31048,chairdrag2f6m,5,69632
31049,chairdrag2f6m,5,73728
32000,chairdrag2f12m,1,73728
32001,chairdrag2f12m,1,63488
32002,chairdrag2f12m,1,53248
32003,chairdrag2f12m,1,59392
32004,chairdrag2f12m,1,65536
32005,chairdrag2f12m,1,59392
32006,chairdrag2f12m,1,81920
32007,chairdrag2f12m,1,61440
32008,chairdrag2f12m,1,79872
32009,chairdrag2f12m,1,67584
32010,chairdrag2f12m,2,69632
32011,chairdrag2f12m,2,55296
32012,chairdrag2f12m,2,57344
32013,chairdrag2f12m,2,75776
32014,chairdrag2f12m,2,67584
32015,chairdrag2f12m,2,67584
32016,chairdrag2f12m,2,77824
32017,chairdrag2f12m,2,71680
32018,chairdrag2f12m,2,75776
32019,chairdrag2f12m,2,73728
32020,chairdrag2f12m,3,81920
32021,chairdrag2f12m,3,69632
32022,chairdrag2f12m,3,79872
32023,chairdrag2f12m,3,79872
32024,chairdrag2f12m,3,61440
32025,chairdrag2f12m,3,86016
32026,chairdrag2f12m,3,55296
32027,chairdrag2f12m,3,67584
32028,chairdrag2f12m,3,94208
32029,chairdrag2f12m,3,86016
32030,chairdrag2f12m,4,73728
32031,chairdrag2f12m,4,77824
32032,chairdrag2f12m,4,77824
32033,chairdrag2f12m,4,73728
32034,chairdrag2f12m,4,77824
32035,chairdrag2f12m,4,77824
32036,chairdrag2f12m,4,92160
32037,chairdrag2f12m,4,49152
32038,chairdrag2f12m,4,77824
32039,chairdrag2f12m,4,73728
32040,chairdrag2f12m,5,77824
32041,chairdrag2f12m,5,61440
32042,chairdrag2f12m,5,69632
32043,chairdrag2f12m,5,65536
32044,chairdrag2f12m,5,75776
32045,chairdrag2f12m,5,75776
32046,chairdrag2f12m,5,65536
32047,chairdrag2f12m,5,45056
32048,chairdrag2f12m,5,69632
32049,chairdrag2f12m,5,69632
33000,chairdrag3f0m,1,71680
33001,chairdrag3f0m,1,67584
33002,chairdrag3f0m,1,49152
33003,chairdrag3f0m,1,53248
33004,chairdrag3f0m,1,77824
33005,chairdrag3f0m,1,67584
33006,chairdrag3f0m,1,69632
33007,chairdrag3f0m,1,65536
33008,chairdrag3f0m,1,69632
33009,chairdrag3f0m,1,69632
33010,chairdrag3f0m,2,73728
33011,chairdrag3f0m,2,79872
33012,chairdrag3f0m,2,63488
33013,chairdrag3f0m,2,71680
33014,chairdrag3f0m,2,71680
33015,chairdrag3f0m,2,67584
33016,chairdrag3f0m,2,69632
33017,chairdrag3f0m,2,67584
33018,chairdrag3f0m,2,69632
33019,chairdrag3f0m,2,71680
33020,chairdrag3f0m,3,61440
33021,chairdrag3f0m,3,67584
33022,chairdrag3f0m,3,61440
33023,chairdrag3f0m,3,49152
33024,chairdrag3f0m,3,67584
33025,chairdrag3f0m,3,47104
33026,chairdrag3f0m,3,71680
33027,chairdrag3f0m,3,69632
33028,chairdrag3f0m,3,75776
33029,chairdrag3f0m,3,71680
33030,chairdrag3f0m,4,67584
33031,chairdrag3f0m,4,53248
33032,chairdrag3f0m,4,61440
33033,chairdrag3f0m,4,59392
33034,chairdrag3f0m,4,65536
33035,chairdrag3f0m,4,69632
33036,chairdrag3f0m,4,69632
33037,chairdrag3f0m,4,59392
33038,chairdrag3f0m,4,69632
33039,chairdrag3f0m,4,53248
33040,chairdrag3f0m,5,73728
33041,chairdrag3f0m,5,69632
33042,chairdrag3f0m,5,71680
33043,chairdrag3f0m,5,67584
33044,chairdrag3f0m,5,53248
33045,chairdrag3f0m,5,71680
33046,chairdrag3f0m,5,73728
33047,chairdrag3f0m,5,71680
33048,chairdrag3f0m,5,71680
33049,chairdrag3f0m,5,73728
34000,chairdrag3f6m,1,73728
34001,chairdrag3f6m,1,51200
34002,chairdrag3f6m,1,71680
34003,chairdrag3f6m,1,67584
34004,chairdrag3f6m,1,43008
34005,chairdrag3f6m,1,57344
34006,chairdrag3f6m,1,67584
34007,chairdrag3f6m,1,79872
34008,chairdrag3f6m,1,75776
34009,chairdrag3f6m,1,65536
34010,chairdrag3f6m,2,67584
34011,chairdrag3f6m,2,73728
34012,chairdrag3f6m,2,67584
34013,chairdrag3f6m,2,73728
34014,chairdrag3f6m,2,69632
34015,chairdrag3f6m,2,73728
34016,chairdrag3f6m,2,83968
34017,chairdrag3f6m,2,59392
34018,chairdrag3f6m,2,69632
34019,chairdrag3f6m,2,71680
34020,chairdrag3f6m,3,45056
34021,chairdrag3f6m,3,51200
34022,chairdrag3f6m,3,43008
34023,chairdrag3f6m,3,71680
34024,chairdrag3f6m,3,67584
34025,chairdrag3f6m,3,75776
34026,chairdrag3f6m,3,67584
34027,chairdrag3f6m,3,59392
34028,chairdrag3f6m,3,69632
34029,chairdrag3f6m,3,69632
34030,chairdrag3f6m,4,61440
34031,chairdrag3f6m,4,59392
34032,chairdrag3f6m,4,71680
34033,chairdrag3f6m,4,53248
34034,chairdrag3f6m,4,69632
34035,chairdrag3f6m,4,40960
34036,chairdrag3f6m,4,69632
34037,chairdrag3f6m,4,47104
34038,chairdrag3f6m,4,73728
34039,chairdrag3f6m,4,32768
34040,chairdrag3f6m,5,55296
34041,chairdrag3f6m,5,71680
34042,chairdrag3f6m,5,71680
34043,chairdrag3f6m,5,75776
34044,chairdrag3f6m,5,61440
34045,chairdrag3f6m,5,65536
34046,chairdrag3f6m,5,61440
34047,chairdrag3f6m,5,73728
34048,chairdrag3f6m,5,71680
34049,chairdrag3f6m,5,69632
35000,chairdrag3f12m,1,75776
35001,chairdrag3f12m,1,69632
35002,chairdrag3f12m,1,81920
35003,chairdrag3f12m,1,67584
35004,chairdrag3f12m,1,71680
35005,chairdrag3f12m,1,73728
35006,chairdrag3f12m,1,75776
35007,chairdrag3f12m,1,69632
35008,chairdrag3f12m,1,73728
35009,chairdrag3f12m,1,49152
35010,chairdrag3f12m,2,73728
35011,chairdrag3f12m,2,65536
35012,chairdrag3f12m,2,69632
35013,chairdrag3f12m,2,71680
35014,chairdrag3f12m,2,71680
35015,chairdrag3f12m,2,73728
35016,chairdrag3f12m,2,59392
35017,chairdrag3f12m,2,63488
35018,chairdrag3f12m,2,65536
35019,chairdrag3f12m,2,55296
35020,chairdrag3f12m,3,75776
35021,chairdrag3f12m,3,69632
35022,chairdrag3f12m,3,65536
35023,chairdrag3f12m,3,71680
35024,chairdrag3f12m,3,69632
35025,chairdrag3f12m,3,69632
35026,chairdrag3f12m,3,47104
35027,chairdrag3f12m,3,47104
35028,chairdrag3f12m,3,65536
35029,chairdrag3f12m,3,69632
35030,chairdrag3f12m,4,69632
35031,chairdrag3f12m,4,77824
35032,chairdrag3f12m,4,65536
35033,chairdrag3f12m,4,51200
35034,chairdrag3f12m,4,55296
35035,chairdrag3f12m,4,73728
35036,chairdrag3f12m,4,71680
35037,chairdrag3f12m,4,61440
35038,chairdrag3f12m,4,73728
35039,chairdrag3f12m,4,55296
35040,chairdrag3f12m,5,67584
35041,chairdrag3f12m,5,77824
35042,chairdrag3f12m,5,73728
35043,chairdrag3f12m,5,69632
35044,chairdrag3f12m,5,67584
35045,chairdrag3f12m,5,83968
35046,chairdrag3f12m,5,69632
35047,chairdrag3f12m,5,73728
35048,chairdrag3f12m,5,73728
35049,chairdrag3f12m,5,77824
36000,vacuumcleaner2f0m,1,61440
36001,vacuumcleaner2f0m,1,81920
36002,vacuumcleaner2f0m,1,81920
36003,vacuumcleaner2f0m,1,61440
36004,vacuumcleaner2f0m,1,40960
36005,vacuumcleaner2f0m,1,40960
36006,vacuumcleaner2f0m,1,40960
36007,vacuumcleaner2f0m,1,61440
36008,vacuumcleaner2f0m,1,61440
36009,vacuumcleaner2f0m,1,81920
36010,vacuumcleaner2f0m,2,81920
36011,vacuumcleaner2f0m,2,61440
36012,vacuumcleaner2f0m,2,81920
36013,vacuumcleaner2f0m,2,40960
36014,vacuumcleaner2f0m,2,51200
36015,vacuumcleaner2f0m,2,61440
36016,vacuumcleaner2f0m,2,81920
36017,vacuumcleaner2f0m,2,61440
36018,vacuumcleaner2f0m,2,61440
36019,vacuumcleaner2f0m,2,61440
36020,vacuumcleaner2f0m,3,61440
36021,vacuumcleaner2f0m,3,61440
36022,vacuumcleaner2f0m,3,71680
36023,vacuumcleaner2f0m,3,71680
36024,vacuumcleaner2f0m,3,40960
36025,vacuumcleaner2f0m,3,81920
36026,vacuumcleaner2f0m,3,81920
36027,vacuumcleaner2f0m,3,61440
36028,vacuumcleaner2f0m,3,40960
36029,vacuumcleaner2f0m,3,61440
36030,vacuumcleaner2f0m,4,61440
36031,vacuumcleaner2f0m,4,61440
36032,vacuumcleaner2f0m,4,61440
36033,vacuumcleaner2f0m,4,61440
36034,vacuumcleaner2f0m,4,92160
36035,vacuumcleaner2f0m,4,61440
36036,vacuumcleaner2f0m,4,51200
36037,vacuumcleaner2f0m,4,81920
36038,vacuumcleaner2f0m,4,61440
36039,vacuumcleaner2f0m,4,81920
36040,vacuumcleaner2f0m,5,81920
36041,vacuumcleaner2f0m,5,81920
36042,vacuumcleaner2f0m,5,61440
36043,vacuumcleaner2f0m,5,61440
36044,vacuumcleaner2f0m,5,81920
36045,vacuumcleaner2f0m,5,71680
36046,vacuumcleaner2f0m,5,61440
36047,vacuumcleaner2f0m,5,67584
36048,vacuumcleaner2f0m,5,51200
36049,vacuumcleaner2f0m,5,61440
37000,vacuumcleaner2f6m,1,61440
37001,vacuumcleaner2f6m,1,61440
37002,vacuumcleaner2f6m,1,61440
37003,vacuumcleaner2f6m,1,61440
37004,vacuumcleaner2f6m,1,71680
37005,vacuumcleaner2f6m,1,71680
37006,vacuumcleaner2f6m,1,61440
37007,vacuumcleaner2f6m,1,61440
37008,vacuumcleaner2f6m,1,61440
37009,vacuumcleaner2f6m,1,81920
37010,vacuumcleaner2f6m,2,71680
37011,vacuumcleaner2f6m,2,61440
37012,vacuumcleaner2f6m,2,81920
37013,vacuumcleaner2f6m,2,61440
37014,vacuumcleaner2f6m,2,61440
37015,vacuumcleaner2f6m,2,71680
37016,vacuumcleaner2f6m,2,71680
37017,vacuumcleaner2f6m,2,71680
37018,vacuumcleaner2f6m,2,67584
37019,vacuumcleaner2f6m,2,59392
37020,vacuumcleaner2f6m,3,67584
37021,vacuumcleaner2f6m,3,61440
37022,vacuumcleaner2f6m,3,71680
37023,vacuumcleaner2f6m,3,61440
37024,vacuumcleaner2f6m,3,69632
37025,vacuumcleaner2f6m,3,61440
37026,vacuumcleaner2f6m,3,81920
37027,vacuumcleaner2f6m,3,81920
37028,vacuumcleaner2f6m,3,61440
37029,vacuumcleaner2f6m,3,61440
37030,vacuumcleaner2f6m,4,71680
37031,vacuumcleaner2f6m,4,71680
37032,vacuumcleaner2f6m,4,61440
37033,vacuumcleaner2f6m,4,92160
37034,vacuumcleaner2f6m,4,81920
37035,vacuumcleaner2f6m,4,81920
37036,vacuumcleaner2f6m,4,81920
37037,vacuumcleaner2f6m,4,81920
37038,vacuumcleaner2f6m,4,71680
37039,vacuumcleaner2f6m,4,61440
37040,vacuumcleaner2f6m,5,81920
37041,vacuumcleaner2f6m,5,71680
37042,vacuumcleaner2f6m,5,81920
37043,vacuumcleaner2f6m,5,61440
37044,vacuumcleaner2f6m,5,67584
37045,vacuumcleaner2f6m,5,81920
37046,vacuumcleaner2f6m,5,61440
37047,vacuumcleaner2f6m,5,81920
37048,vacuumcleaner2f6m,5,40960
37049,vacuumcleaner2f6m,5,81920
38000,vacuumcleaner2f12m,1,81920
38001,vacuumcleaner2f12m,1,65536
38002,vacuumcleaner2f12m,1,61440
38003,vacuumcleaner2f12m,1,61440
38004,vacuumcleaner2f12m,1,63488
38005,vacuumcleaner2f12m,1,73728
38006,vacuumcleaner2f12m,1,69632
38007,vacuumcleaner2f12m,1,63488
38008,vacuumcleaner2f12m,1,67584
38009,vacuumcleaner2f12m,1,59392
38010,vacuumcleaner2f12m,2,81920
38011,vacuumcleaner2f12m,2,61440
38012,vacuumcleaner2f12m,2,61440
38013,vacuumcleaner2f12m,2,83968
38014,vacuumcleaner2f12m,2,73728
38015,vacuumcleaner2f12m,2,61440
38016,vacuumcleaner2f12m,2,61440
38017,vacuumcleaner2f12m,2,61440
38018,vacuumcleaner2f12m,2,61440
38019,vacuumcleaner2f12m,2,40960
38020,vacuumcleaner2f12m,3,61440
38021,vacuumcleaner2f12m,3,61440
38022,vacuumcleaner2f12m,3,61440
38023,vacuumcleaner2f12m,3,61440
38024,vacuumcleaner2f12m,3,81920
38025,vacuumcleaner2f12m,3,61440
38026,vacuumcleaner2f12m,3,61440
38027,vacuumcleaner2f12m,3,51200
38028,vacuumcleaner2f12m,3,51200
38029,vacuumcleaner2f12m,3,71680
38030,vacuumcleaner2f12m,4,71680
38031,vacuumcleaner2f12m,4,81920
38032,vacuumcleaner2f12m,4,81920
38033,vacuumcleaner2f12m,4,81920
38034,vacuumcleaner2f12m,4,81920
38035,vacuumcleaner2f12m,4,81920
38036,vacuumcleaner2f12m,4,61440
38037,vacuumcleaner2f12m,4,61440
38038,vacuumcleaner2f12m,4,61440
38039,vacuumcleaner2f12m,4,61440
38040,vacuumcleaner2f12m,5,61440
38041,vacuumcleaner2f12m,5,69632
38042,vacuumcleaner2f12m,5,81920
38043,vacuumcleaner2f12m,5,81920
38044,vacuumcleaner2f12m,5,81920
38045,vacuumcleaner2f12m,5,81920
38046,vacuumcleaner2f12m,5,81920
38047,vacuumcleaner2f12m,5,81920
38048,vacuumcleaner2f12m,5,81920
38049,vacuumcleaner2f12m,5,81920